Prolific ID,Speaker,Volley #,Volley
1,counsellor,0,Thank you for being here. I'd love to hear about your journey with smoking. Can you tell me what led you to start?
1,client,1,"I started smoking mainly to fit in with my coworkers. It was a social thing, a way to bond and spend time together. Over time, it just became more frequent."
1,counsellor,2,"What are some of the things you enjoy about smoking now, and how has it changed since you first started?"
1,client,3,I find smoking pretty relaxing now. It's a nice break in the day and helps me unwind. It's no longer just about socializing; it's more about personal relaxation.
1,counsellor,4,You find it gives you a chance to unwind and relax.
1,client,5,"Yeah, that's right. It just gives me a moment to step away, clear my head, and take a breather from everything else going on."
1,counsellor,6,Stepping away and having a breather sounds like an important benefit for you.
1,client,7,"Yeah, it really does help. Especially when things get hectic, it's my go-to for a quick reset. I'm not sure how I'd find that same relief without it."
1,counsellor,8,Finding a way to reset when things get hectic is really important to you.
1,client,9,"Yes, exactly. It's like having a quick escape whenever I need it. I'm worried if I cut back or quit, I won't have that easy option anymore."
1,counsellor,10,"You're used to having smoking as a quick escape, but part of you also wonders what it might feel like to find relief in other ways."
1,client,11,"That's true. I have thought about other ways to handle stress, but it's hard to imagine anything being as immediate or effective as smoking. It's just very familiar at this point."
1,counsellor,12,"Smoking provides a familiar, immediate relief when things feel overwhelming. While smoking feels like a reliable way to manage stress right now, you also seem open to considering other methods that might offer some relief too."
1,client,13,"Yeah, I agree. It's something I'm open to exploring, but I'm still unsure about how to approach it or what might work for me. The idea of change feels intimidating."
1,counsellor,14,"What are some things that help you feel less intimidated by the idea of change? I'm here to help explore your feelings around this, so we can uncover what matters most to you."
1,client,15,"I think talking about it, like now, helps me feel less alone in this. Knowing there's support and guidance available makes it less daunting. Exploring options and not rushing into anything is reassuring too."
1,counsellor,16,"Exploring options and knowing you're not alone makes the idea of change feel more manageable. You have the ability to navigate through this at your own pace, finding solutions that fit your needs. Your openness and willingness to explore different approaches already show your strength in considering what might work best for you."
1,client,17,"Thank you, that means a lot. Taking it at my own pace sounds good. I'm willing to explore things step by step to see what feels right for me. It's reassuring to have your support in this process."
1,counsellor,18,What are some of the things you might like to try or explore when it comes to handling stress in ways other than smoking? Your willingness to explore and take things step by step shows your readiness to find what truly works for you.
1,client,19,"I'm not entirely sure yet, but maybe things like trying out relaxation techniques, getting more active, or even finding hobbies I enjoy. I’m open to suggestions, though taking small steps initially sounds manageable. It’s about finding what feels comfortable and effective for me."
1,counsellor,20,"Exploring relaxation techniques, getting more active, and finding hobbies are options that could lead to finding what feels comfortable and effective for you. What are you feeling curious about trying first, or what seems like it might fit into your current lifestyle?"
1,client,21,I think starting with something simple like relaxation techniques could fit into my lifestyle. Trying out deep breathing or meditation seems manageable to see if they help with stress. I'm curious about how they'd work for me.
1,counsellor,22,"Exploring relaxation techniques feels like a straightforward path for you to begin with. Starting with deep breathing or meditation, you might discover unexpected ways to handle stress while keeping the changes small and manageable."
1,client,23,"That sounds good. I like the idea of starting with something small and seeing how it goes. It feels more approachable this way, and I'm interested in seeing how it might help."
1,counsellor,24,"Stepping into relaxation techniques offers you a gentle start, like dipping your toes into new waters, to see if they help wash away some of that stress without overwhelming your routine."
1,client,25,That seems like a good way to look at it. I'm willing to give it a try and see if it makes a difference. I appreciate your guidance and understanding in this process.
1,counsellor,26,What are some hopes or goals you have for yourself as you begin trying out these relaxation techniques?
1,client,27,"I hope to find a way to manage stress that feels as effective as smoking. Having more control over that stress, without relying on cigarettes, would be a great goal for me. Finding balance and feeling better about my health are important, too."
1,counsellor,28,"You've mentioned that you hope to find a way to manage stress that feels as effective as smoking, while also gaining greater control and fostering better health. Balance and feeling healthier stand out as priorities for you as you consider this new path. What are you considering as your next step towards exploring these relaxation techniques?"
1,client,29,"I think my next step could be looking into resources or apps for guided breathing or meditation exercises. Starting with something guided would be helpful, I think. I'll take some time to understand the basics and begin when it feels comfortable."
1,counsellor,30,"What kinds of qualities are you looking for in a guided resource to start with, that would make it feel approachable to you? Taking small and gentle steps into this new territory while exploring relaxation techniques, so they seamlessly become part of your everyday life."
1,client,31,"I'm looking for simple, straightforward guidance that's easy to follow, possibly with short sessions that fit into my day. Something calming and not too advanced, just to start easing into it at a comfortable pace."
1,counsellor,32,"What are some of the ways you plan to incorporate these short, straightforward sessions into your daily routine? Supportive, calming guidance and short sessions that you can easily fit in appear to be important essentials for your new relaxation practice."
1,client,33,"I could try fitting short sessions in during breaks or when I usually step outside to smoke. Maybe starting or ending the day with a quick session might work too, when things are already calm. That way, it becomes part of my routine without much disruption."
1,counsellor,34,"That makes a lot of sense, finding moments throughout your day that already exist, like starting or ending your day or using breaks, to try incorporating these new techniques. Your willingness to try fits into your life without wanting upheaval. Before we move further into planning, is there anything else you’d like to discuss or explore regarding your experience with smoking and stress?"
1,client,35,"No, I think we've covered a lot for now. I feel more prepared to start exploring these new ways to manage stress. I'm grateful for your support and guidance, and I’m ready to take these first steps."
1,counsellor,36,"Thank you for having this conversation today. You've shared insightful details about your journey with smoking, how it started as a social activity and evolved into a personal stress management tool. Smoking offers you relaxation and an escape, helping you navigate hectic times. Yet, you’re curious about exploring alternative ways to relieve stress without relying on cigarettes. We touched on discovering relaxation techniques like deep breathing and meditation, fitting them into existing moments of your day—during breaks or at calmer times. The goal of finding balance and improving your health stands strong; you're taking approachable steps with guided support. I'll be here to assist you as you continue to explore and take these steps at your own pace.

Would you like to continue the conversation?"
2,counsellor,0,"Thank you for agreeing to talk with me today. I'm curious to know, what role does smoking play in your life right now?"
2,client,1,"Smoking started as a way to fit in with my coworkers. Now, it's just something I find relaxing, especially during stressful times. But I'm not sure if it's worth the health risks."
2,counsellor,2,"Smoking offers you a sense of relaxation, especially during times of stress. This makes it something that helps you manage your day-to-day pressures. But despite finding some comfort in smoking, you're concerned about the health risks and questioning if it's really worth it. How do you feel about the balance between the relaxation it provides and your concerns about your health?"
2,client,3,"It's definitely a struggle. I enjoy the relaxation, but the health worries are starting to weigh on me. It makes me wonder if I should try to cut back, even though I'm not sure if I'm ready to quit entirely."
2,counsellor,4,"You're caught in a push-and-pull: there's the comfort you get from smoking amid stress, paired with growing health concerns that are starting to tip the scales. While it feels comforting to smoke during tough times, the lingering health worries suggest cutting back might offer more peace of mind."
2,client,5,"That's true. I think finding a balance between managing stress and staying healthy is important. Hopefully, I can find a way to ease off without losing that comfort."
2,counsellor,6,What are some ways you think might help you manage stress without relying solely on smoking for comfort?
2,client,7,I haven't thought much about alternatives. Maybe trying some new activities to distract myself or finding healthier ways to unwind could help. But I'm not sure what would work.
2,counsellor,8,"Exploring new activities or healthier unwinding options is a step you're considering to manage stress while cutting back on smoking. How have you handled stress effectively in the past without smoking, or what activities do you imagine might be enjoyable and calming for you?"
2,client,9,"In the past, I've tried exercising or listening to music, which helped a bit. Maybe revisiting those or trying things like meditation or yoga could be calming. I just need to make time for them."
2,counsellor,10,"Exercising and listening to music were strategies you found helpful in the past. Revisiting those experiences and adding new ones, like meditation or yoga, may offer a path to both stress relief and a healthier lifestyle. Prioritizing time for these activities could support your desire to find a better balance."
2,client,11,"That sounds good. I think making time for those activities could be beneficial. It might take a bit of effort, but I'm willing to give it a try for my health."
2,counsellor,12,"You've shared how smoking initially brought you a sense of fitting in and now provides relaxation during stress, yet health concerns are prompting you to consider cutting back. You've found exercise and music helpful before and are contemplating trying meditation or yoga for stress relief. It sounds like you're open to exploring these options to support your health while maintaining comfort, and you're ready to make time to pursue this balance. Is there anything else you'd like to explore or discuss today?"
2,client,13,"No, I think we've covered a lot today. It's been helpful to talk about it and consider new approaches. Thank you. I appreciate having this conversation."
2,counsellor,14,"Thank you for this conversation. Let me summarize what we've covered today. You've shared how smoking initially helped you fit in with coworkers and now serves as a way to unwind during stressful times. However, health concerns are becoming more prominent, leading you to think about reducing how much you smoke. We've discussed the idea of finding balance by engaging in activities that help manage your stress, like exercise, music, meditation, or yoga. You're open to exploring these options and are willing to make the effort to support your health. It's great to see your willingness to try new approaches. If you ever need to talk more or seek additional support, feel free to reach out. Thank you again, and take care!

Would you like to continue the conversation?"
3,counsellor,0,"Thank you for agreeing to have this conversation with me. To start, I'm curious to hear what smoking means to you in your life right now."
3,client,1,"Smoking is a way for me to relax and take breaks at work. It helps me bond with coworkers, too."
3,counsellor,2,Smoking serves as a way for you to unwind and connect with your coworkers.
3,client,3,"Yes, exactly. It started as a social activity with them and became something I enjoy personally."
3,counsellor,4,Smoking began as a social activity and has become something you enjoy personally.
3,client,5,"Yes, over time it's become a routine, especially during work breaks. It feels like a moment of relaxation for me."
3,counsellor,6,"How does smoking impact other areas of your life, beyond work? Smoking has become a source of comfort and connection during breaks."
3,client,7,"Outside of work, it's a way to unwind but I worry about health. My lab tests weren't great, which got me thinking."
3,counsellor,8,"Smoking is a part of your routine that offers you relaxation, but you're also becoming concerned about the impact on your health following your lab tests."
3,client,9,"That's right. I'm comfortable with my smoking routine, but the lab results make me question if I should cut back. It's confusing."
3,counsellor,10,"Cutting back feels confusing because smoking has become part of your routine and social life, yet the health concerns are a serious consideration. Thinking about the health impact is making you reconsider your current smoking habits."
3,client,11,"Yes, exactly. I enjoy smoking, but the thought of potential health risks makes me uncertain about continuing my current habits."
3,counsellor,12,"Considering these concerns, you might feel like you're caught in a storm, enjoying the calm in the eye but wary of the health warnings flashing around you. Yet, those health concerns are becoming increasingly important to you, pushing you to reevaluate your smoking habits."
3,client,13,"Yes, that's a good way to put it. I enjoy the calm it brings, but the health warnings are hard to ignore. I'm just unsure about the best way forward."
3,counsellor,14,"What do you feel is most important to you regarding smoking and your health? You're uncertain about the best way to handle this situation, balancing enjoyment with potential health risks."
3,client,15,I think it's important to find a balance. I want to enjoy my breaks and social time without compromising my health. But figuring out how to do that is challenging.
3,counsellor,16,"Balancing enjoyment and health without clear guidance feels overwhelming sometimes, but the potential for a healthier lifestyle remains on your mind. Finding a way to enjoy social time and breaks while also considering your health priorities takes serious reflection."
3,client,17,"That's true. I do care about my health, I just need a clearer path to balance it all. Figuring that out is a bit overwhelming though."
3,counsellor,18,"Finding a balance may feel overwhelming right now, since you're navigating the uncertainty of making changes. Yet, finding a way to care for your health has become an essential consideration for you."
3,client,19,"Absolutely, it's a priority. Maybe small steps could help, but I'm uncomfortable with the idea of change. I'll try to take it slow and keep exploring my options."
3,counsellor,20,"Maybe taking small steps will give you a sense of control while you navigate the uncertainty of change. What have you considered as your first possible step, if you decide to explore this path?"
3,client,21,"I've thought about cutting back gradually, maybe reducing how many cigarettes I have during work breaks. It might be less overwhelming than trying to quit all at once."
3,counsellor,22,"What would be the most important reason for you to start cutting back at work? Considering a gradual reduction during work breaks feels less daunting, and that approach might help you ease into the process without feeling pressured to quit immediately."
3,client,23,"The most important reason would be my health. Improving that, while still managing stress and social time, would be ideal. Gradually cutting back could help ease the transition."
3,counsellor,24,"What are some specific small steps you're considering to help balance your health concerns with work? You want to find that sweet spot where you're nurturing your health, yet still keeping the social and stress-relieving parts of your routine that matter to you."
3,client,25,"I might start by spacing out smoking breaks, joining coworkers for fresh air without necessarily smoking every time. Also, exploring non-smoking ways to relax could be helpful."
3,counsellor,26,"Tell me more about the non-smoking ways you've considered to relax or enjoy breaks. Being present with your coworkers in a different capacity allows you to not only maintain those social connections, but also creates additional pathways for relaxation without relying solely on smoking."
3,client,27,"I've thought about trying deep breathing exercises or taking short walks. Maybe even trying out apps for relaxation or meditation during breaks. It's all new for me, so I'm open to ideas, but unsure where to begin."
3,counsellor,28,"Would it be okay for us to explore some of these relaxation and stress management ideas together, to see what might resonate with you? Your openness to exploring new ways to handle stress and enjoy your breaks is a valuable strength, and we can look into different options tailored to your personal preferences."
3,client,29,I'd appreciate exploring some relaxation methods together. It would help me find alternatives to smoking that I can feel good about trying.
3,counsellor,30,"Let's try a couple of relaxation methods together, like practicing deep breathing or taking short walks during breaks. Apps for meditation or relaxation can also provide guided support when you're on your own. Exploring these alternatives might help you find something enjoyable and fulfilling. How do you feel about trying some of these ideas to see if they might work for you? Are there any particular ones you're drawn to or would like to learn more about first?"
3,client,31,"I'd like to start with deep breathing exercises and taking short walks. They seem manageable and easy to incorporate into my routine. Apps for mediation sound good too, but maybe after I get comfortable with the basics."
3,counsellor,32,How would integrating deep breathing exercises and short walks fit into your current work breaks? These new routines might offer a refreshing way to enjoy your time and manage stress without needing to smoke.
3,client,33,"During breaks, I could spend a few minutes on deep breathing or go for a walk around the building. It could be a good change, keeping things fresh and stress lower without smoking."
3,counsellor,34,"What might you gain from these walks and breathing exercises in terms of managing stress and supporting your health goals? Embracing new routines like these could provide a totally different sense of space and relaxation, helping you carve out a wellness path that suits you better."
3,client,35,I think incorporating walks and breathing exercises could help reduce stress and improve focus without needing to smoke. It might also feel like a positive step toward better health while still enjoying my breaks.
3,counsellor,36,"Integrating these new changes gives you a chance to reshuffle your routine, which could lead to a fresher perspective at work. Taking initiative to explore healthy alternatives shows your commitment to personal growth and health improvement."
3,client,37,That's a positive way to look at it. I'm hopeful these changes will bring something valuable to my day and start improving my health. It's encouraging to consider alternatives that might actually work for me.
3,counsellor,38,You're hopeful that these changes will bring something valuable and positively impact your health. This encouragement from considering alternatives seems to align with your desire to feel better overall. What do you envision as the next step in your journey toward these changes?
3,client,39,"Starting with simple actions like deep breathing and short walks during breaks seems like a good next step. Over time, I can gradually expand on these, maybe exploring meditation apps when I feel ready."
3,counsellor,40,What might be the most helpful next step for you in starting with deep breathing and walks? Shaping a new routine by adding these small actions creates a safety net as you balance reducing smoking and enhancing your well-being.
3,client,41,Setting a reminder on my phone for breathing exercises during breaks could be helpful. I'll also map out a short walking path around work. These reminders and paths can keep me on track and make it easier to follow through.
3,counsellor,42,"Your thoughtfulness and planning, like setting a reminder and mapping a walking path, show your commitment to making meaningful change, even during busy workdays. If there's anything more on your mind or if you'd like to dive deeper into any particular area of this journey, feel free to share. From here, we can continue to explore and support these positive changes that align with your goals."
3,client,43,"I think having a plan feels reassuring. I'm open to discussing more in the future if needed, but this is a good start. I appreciate the support, and willing to try another session if it helps."
3,counsellor,44,"I'm really glad to hear that having a plan is reassuring for you. I'm here whenever you feel the need to talk more or explore new steps together. It's been a pleasure to support you today, and I look forward to connecting in the future if you'd like another session. Take care, and all the best with the changes you're implementing."
3,client,45,"Thank you. I appreciate your support and guidance. I'm hopeful about these changes, and I'll reach out if I need more help or another session. Take care."
4,counsellor,0,Thank you for agreeing to talk with me today. Can you tell me a bit about your relationship with smoking?
4,client,1,"I started smoking to connect with coworkers, and it gradually became a routine. I find it relaxing, despite health concerns."
4,counsellor,2,"Smoking offers you a connection with your coworkers and a sense of relaxation. Yet, even though it brings relaxation and social connection, you're aware of the health concerns that come with smoking. How do you feel about the balance between these benefits and the costs?"
4,client,3,"I'm quite torn. Smoking helps me unwind and socialise, but the health risks are hard to ignore, especially with my lab results. It's confusing."
4,counsellor,4,"The desire to unwind and connect socially through smoking holds significant importance for you. Balancing this with health concerns leaves you feeling confused, especially with your recent lab results. Let’s explore more about what those health concerns mean for you."
4,client,5,"The lab results were a wake-up call, honestly. I'm worried about potential long-term health issues and the impact on my overall well-being. It's a lot to process."
4,counsellor,6,"Your lab results really shook you, sparking a worry about potential long-term health issues and their impact on your well-being. It’s understandable to feel overwhelmed by that realization. What kind of changes have you thought about in terms of addressing these concerns?"
4,client,7,"I've considered cutting back, but I'm unsure how to start or if it's the right approach. I feel unsure about taking that step."
4,counsellor,8,"You're feeling unsure about how to begin making changes, and it might feel daunting to disrupt a routine that has been part of your life for a while. You're also motivated to address your health concerns after that wake-up call from your lab results. How might your future look if you decide to pursue the changes you're considering?"
4,client,9,"If I decide to cut back, I hope my health would improve, and I'd feel more in control. But it's unclear how it would affect my routine and social life."
4,counsellor,10,"Cutting back could lead to you feeling more in control and hopeful about your health, though there's uncertainty about how it might change your routine and social connections. The idea of being healthier and more in control seems attractive to you."
4,client,11,"Yes, it does sound appealing, but I'm worried about losing those connections and my relaxation outlet. It's a mixed bag of emotions."
4,counsellor,12,"Losing those connections and a relaxation outlet feels like a big concern for you, but the idea of gaining control over your health is very appealing. Although these mixed emotions exist, a glimpse of a healthier, more controlled future stands out to you. Your journey is unique, and you have the ability to navigate these feelings and find a path that suits you. What strengths do you see in yourself that might support you in this journey?"
4,client,13,"I think I'm determined when I set my mind to something, and I can adapt to change if needed. Just need the right approach and support to get started."
4,counsellor,14,"What kind of support do you feel would help you make those changes, especially to maintain your social connections and relaxation methods?"
4,client,15,"Having someone to talk to about my concerns and strategies could help. Also, maybe exploring new ways to relax or connect without smoking might be beneficial."
4,counsellor,16,"Talking to someone about your concerns and finding new ways to relax could definitely help. You're willing to challenge the hold smoking has on you. Exploring new relaxation methods and social connections may open doors to things you haven’t even considered yet, unlocking possibilities for living differently, without smoking at the center."
4,client,17,"Yes, I think exploring those alternatives could be useful. I'm open to ideas and willing to consider new strategies to balance things out. It's about finding what works for me."
4,counsellor,18,Would you be open to talking more about some possible strategies and supports that could help you find that balance you're looking for?
4,client,19,"Yes, I'd be open to discussing strategies and support. It's important to find a way forward that feels right for me. I want to explore my options."
4,counsellor,20,"Before we dive into exploring options and strategies, let's quickly recap what you've shared. You're considering cutting back on smoking due to health concerns from your lab results, and you're aware that your routine and social connections are important. You have strengths like determination and adaptability, and you're open to finding new relaxation methods and ways to maintain connections without smoking. Would it be alright if we now talked about possible steps you might take to start this journey?"
4,client,21,"Certainly, I'm open to talking about possible steps. Having a plan might help me feel more confident about making changes and addressing my concerns."
4,counsellor,22,Finding a balance that feels right for you and aligns with your goals can greatly increase your confidence in making these changes. Starting small and discovering alternatives to smoking might offer a new perspective on relaxation and socializing. What steps do you feel would resonate with you to begin this journey and explore other ways to unwind or stay connected with people?
4,client,23,"Starting with reducing the number of cigarettes gradually could be a manageable step. Also, trying activities like walking or a hobby for relaxation might help. Keeping open communication with my coworkers about this change could maintain our connection."
4,counsellor,24,"How do you see those changes affecting your day-to-day life? Starting with gradual reduction, trying new relaxation activities, and maintaining open communication at work sound like practical and thoughtful steps forward for you."
4,client,25,"These changes might initially disrupt my routine, but they could lead to better health and new connections. I hope to feel more in control and adapt over time."
4,counsellor,26,Share more about what it means for you to feel in control and adapt over time.
4,client,27,"Feeling in control would mean making conscious choices about my health and habits, rather than feeling bound by them. Adapting would involve finding fulfilling activities that replace smoking, gradually adjusting my routine, and maintaining a social life without relying on cigarettes."
4,counsellor,28,"Embracing changes could feel like steering a ship, deciding the course and actively seeking new horizons that bring satisfaction and fulfillment, leaving behind uncharted waters. Your openness and willingness to embrace this journey say so much about your strength and adaptability, qualities that will guide you successfully through this process."
4,client,29,"Thank you, I appreciate that. It reassures me that these changes are possible. With the right support and strategies, I hope to make positive progress."
4,counsellor,30,"Given everything we've discussed, how do you feel about starting with these steps and exploring new relaxation activities? It's about taking one step at a time and finding what feels most natural to you. As you embark on this journey, you will be able to lean into your strengths. I’m here to support you along the way."
4,client,31,"I'm willing to start with these steps and explore new ways to relax. Taking it one step at a time feels manageable, and having support makes it less daunting."
4,counsellor,32,"What kinds of activities look appealing to you as you consider new ways to relax and connect? These small steps might bring more joy and balance to your life, relieving the grip smoking has held."
4,client,33,"Activities like walking or trying a new hobby, like painting or cooking, could be relaxing and enjoyable. It would be interesting to explore these options while maintaining my connections with coworkers."
4,counsellor,34,"Walking and engaging in hobbies like painting or cooking have been shown to reduce stress and improve overall well-being. Plus, these activities can provide a sense of accomplishment and enjoyment. If you'd like, discussing these new interests with your coworkers might strengthen your bonds with them, allowing you to share experiences and find common interests outside of smoking."
4,client,35,That sounds like a good plan. Sharing new interests with coworkers could help maintain our connections while introducing healthier habits. I'm feeling more optimistic about trying these activities.
4,counsellor,36,"Thank you for sharing your thoughts and time with me today. We've had a meaningful conversation, and it's important to take a moment to summarize what we've discussed.

You've reflected on how smoking has been both a means of relaxing and connecting with coworkers, but recent health concerns have prompted you to consider changes. You acknowledged feeling torn between these social benefits and health risks, but ultimately, your recent lab results have sparked a significant desire for change.

You're contemplating cutting back on smoking by gradually reducing cigarette intake. Additionally, new relaxation activities like walking, painting, or cooking could offer fulfilling alternatives while maintaining social ties at work.

As you explore these new possibilities, focusing on your determination and adaptability will support you in this journey towards improved well-being. With these small steps and the right support, you're looking forward to more control over your health and habits.

Please know that you have my support as you move forward. When you're ready, we can continue exploring these options and more. Take care, and I'm here whenever you're ready to talk again."
4,client,37,"Thank you for this session and for understanding my concerns. I'm glad we talked, and exploring these options feels promising. I'll be open to scheduling a follow-up soon and continuing this journey with your support."
5,counsellor,0,"Thank you for being here today. I'm interested in hearing a little about your relationship with smoking. How long have you been smoking, and what got you started?"
5,client,1,"I've been smoking for a few years now. I started to spend more time with my coworkers during breaks. Over time, it just became a regular habit. I find it quite relaxing, which is why I'm hesitant about quitting."
5,counsellor,2,"Smoking offers a sense of relaxation for you, and quitting might seem like losing that comforting part of your day."
5,client,3,"Exactly, it's a part of my routine now. It's like that little break where I can unwind, especially during stressful times."
5,counsellor,4,"You enjoy having that break and feeling of unwinding during stressful times. And yet, perhaps there's a part of you that wonders what your day might be like without relying on smoking for that relaxation."
5,client,5,"Yes, I've thought about it. I wonder if I'd feel more irritated or just replace it with another habit. It's hard to imagine life without it, but the lab results make me question if I should try."
5,counsellor,6,"You could try to quit smoking and find yourself struggling to manage stress without it. Yet, the lab results show the potential impact on your health, and there's a part of you that's curious about what changes might happen if you make a different choice."
5,client,7,"That's true, those lab results were a wake-up call. It's like I'm torn between knowing it's not great for health and the comfort it provides. It's a difficult decision."
5,counsellor,8,"The comfort smoking provides is really important to you, especially when you're dealing with stress. At the same time, those lab results have prompted you to think more seriously about your health, and you're contemplating the impact of smoking on your life. You recognize the benefits of quitting for your health, but you're still holding onto that comfort it offers."
5,client,9,"Right, I know quitting would improve my health, but I also don't know if I can find something else that provides the same comfort and relief from stress. It's tough to turn away from something that's become so familiar to me."
5,counsellor,10,"The comfort you get from smoking is hard to replace, but the idea of better health is pulling you in another direction. You're familiar with the stress relief from smoking, yet those lab results have given you a strong reason to consider making a change. This decision seems quite significant to you. Is there anything else about your experience with smoking that you'd like to talk about?"
5,client,11,"I think what concerns me is the social aspect. I started because of coworkers, and I'm worried they'll pressure me to continue. It's a habit tied to socializing too. That makes it more complex to distance myself from it."
5,counsellor,12,"Tell me more about how smoking fits into your social life with your coworkers. You're worried about the social pressure to continue the habit, which is closely tied to being part of the group."
5,client,13,"Smoking was a way to connect with my coworkers during breaks. It's when we catch up and bond. I'm worried if I quit, I'll miss out on those moments or feel left out. The social aspect makes it challenging to think about stopping."
5,counsellor,14,"Smoking is a way to bond with your coworkers and share those important moments. The connection and camaraderie during those breaks are really valuable to you. Feeling worried about missing out on social interactions makes quitting challenging, but the impact on your health highlighted by the lab results is prompting you to consider whether you might find new ways to connect while also taking care of yourself."
5,client,15,"client: Definitely, the social part is significant for me, but the health aspect can't be ignored. It's about finding a balance where I don't feel isolated but also look after my well-being. That's why I'm so undecided right now."
5,counsellor,16,"Being part of those social moments with coworkers is important, but the idea of taking care of your health is becoming more significant for you. You're feeling that delicately balancing these aspects could be key to moving forward. You're at a crossroads where considering change is meaningful. By reflecting on what's valuable to you, you're in a good position to make a thoughtful decision about how to proceed. How do you feel about exploring ways to maintain those connections while also prioritizing your health?"
5,client,17,"It sounds good to explore ways to maintain connections without smoking. Ideally, I wouldn't compromise health for socializing. Easier said than done though; so I'm open to suggestions."
5,counsellor,18,"Many people find that taking short walks, chewing gum, or engaging in mindful breathing can provide a sense of relaxation similar to smoking. These activities might help in maintaining the comfort you associate with breaks. If you're interested, we could explore some of these alternatives, seeing if they fit into your routine and maintain that connection with your coworkers while taking care of your health. Would you like to talk more about any of these options or other ideas you might have?"
5,client,19,"Trying alternatives could be useful for sure. Taking short walks or chewing gum seems manageable and might provide that needed break. I'm open to discussing them further, see what might suit my routine."
5,counsellor,20,What might a typical day look like for you if you decided to incorporate short walks or chewing gum into your routine during breaks? Taking walks or chewing gum could provide a refreshing pause without sacrificing those social interactions you value.
5,client,21,"I suppose I'd have a change in routine by replacing smoke breaks with short walks. Depending on the setup, maybe some coworkers will join me. Chewing gum could help in moments I can't step away. It would be a shift, but I think I could manage to incorporate these alternatives."
5,counsellor,22,"What might you need to put those ideas into action, so that your routine becomes comfortable and supportive? Choosing to adjust your routine in ways that prioritize your health while also keeping those social aspects alive reflects your curiosity and courage. Exploring these possibilities is a step towards maintaining both personal wellness and connections."
5,client,23,"I think having the support and understanding from coworkers would be important. Also, planning more engaging activities during breaks to shift the focus from smoking could help. Preparing for those moments when I crave a cigarette and practicing patience with myself can contribute to actioning these ideas."
5,counsellor,24,"What are some ways you think you could approach your coworkers for support and understanding? Your goal is to keep your social life vibrant while focusing on health, and it's possible that by involving others in this journey, you'll find even more allies for positive change."
5,client,25,I could start by sharing my health concerns with close coworkers and explaining my reasons for trying alternatives during breaks. Maybe they’d join me for walks or understand when I choose a different way to relax and socialize. Communicating these intentions clearly might help them support my decision and add some encouragement to the process.
5,counsellor,26,"Your intention to reach out to your coworkers and explain your health goals shows a lot of courage and proactiveness. You're taking the initiative to foster an environment that supports both your health and social connections. Ultimately, recognizing your agency in this situation—understanding that you can create those moments of support and engage others in your journey—demonstrates your ability to lead the way in this change effort. How do you feel about taking these steps with your coworkers, knowing you have the strength and opportunity to shape your experience?"
5,client,27,"It feels reassuring to think I can steer the change and have support. I know it won't be easy, but having a plan and clear communication gives me some confidence. It’s worth trying, both for my health and maintaining those connections. I'm willing to take it one step at a time."
5,counsellor,28,"Thank you for spending this time with me today. Our conversation has reached its intended length, so let me take a moment to summarize what we've discussed. We began by talking about how smoking started as a part of your routine, offering relaxation, especially during stressful times. While you value those moments of unwinding, your recent lab results have sparked a concern for your health, prompting you to think about quitting.

We explored how smoking is closely tied to your social interactions with coworkers, and you have a meaningful connection during those breaks. You’ve considered alternatives like short walks and chewing gum, which might allow you to maintain your routine without compromising your health.

We also talked about the importance of communicating with your coworkers to gain their support and share your journey towards change. Your awareness of these dynamics and your willingness to take it one step at a time shows your readiness to explore new paths that align with your well-being and social connections.

If there's anything more you'd like to discuss or if you have any questions moving forward, feel free to reach out. Thanks again for being open and willing to share your thoughts with me today."
5,client,29,Thank you for your support and insights. Today's session has given me a lot to think about and some strategies to try. I'd be interested in having a follow-up appointment to continue working through this. Appreciate your guidance.
6,counsellor,0,Thank you for agreeing to talk with me today. I’m curious to know—what does smoking mean to you right now in your life?
6,client,1,"Thanks for having me. Smoking has become a part of my routine, especially at work. It's a way to relax and connect with colleagues."
6,counsellor,2,"How does smoking help you relax and connect with your colleagues? Smoking has become a part of your work routine, a way to unwind and bond with others."
6,client,3,"It gives us a chance to step away from work for a bit, share a chat, and ease some stress. It feels like a bit of a break."
6,counsellor,4,I'm interested in hearing about the other side of the coin. Have you noticed any downsides or concerns when it comes to smoking?
6,client,5,"Well, my recent lab results weren't great, and the doctor's concerned. I'm also unsure how stopping might affect my mood or social life."
6,counsellor,6,"Receiving concerning lab results likely adds to the stress you're already managing through smoking, and there's uncertainty about the changes it might bring to your social interactions. However, these health concerns could be an opportunity to reevaluate things. What thoughts or feelings have come up for you as you've been reflecting on what your doctor shared?"
6,client,7,"It's got me thinking more about my health and the impact of smoking. I really enjoy the relaxation it brings, but I'm wondering if cutting back is necessary. It's a tough call."
6,counsellor,8,"You're considering cutting back on smoking, yet there's the relaxation and comfort it provides. Smoking helps you unwind, but those health concerns you've mentioned are drawing your attention toward changes that could benefit you. Your health is becoming more of a priority, despite the enjoyable moments you associate with smoking at work. Where do you think you'd like to go from here with these thoughts in mind?"
6,client,9,"I'm not entirely sure. I want to be healthier, but I'm concerned about stress and peer pressure. Maybe I could try cutting back gradually, see how that feels. It's overwhelming to think about quitting completely right now."
6,counsellor,10,"What do you think might make it easier for you to cut back gradually? You've enjoyed the relaxation smoking provides, but health concerns and the desire for positive changes are starting to weigh on you more now. You're contemplating a gradual reduction even though you're worried about stress and peer pressure. Your ideas about change reflect a growing awareness of what needs to address your health."
6,client,11,"I think finding alternative ways to relax could help, like deep breathing or short walks during breaks. Maybe involving friends who don't smoke might ease the pressure. Support from colleagues who understand could make it easier too."
6,counsellor,12,"Having friends who don't smoke as a support system provides healthier role models while helping you feel less alone in this journey. You're thinking of trying alternatives like deep breathing or short walks to help reduce smoking and manage stress, even though peer pressure still weighs on your mind. You're looking for ways to find that balance between social life and making a change for your health."
6,client,13,"Exactly, that balance is what I’m aiming for. I want to maintain those social connections while also prioritizing my health. It's helpful to think about these alternatives and have support from friends."
6,counsellor,14,"What role have your colleagues played in either supporting or challenging your efforts to prioritize health? Balancing health and social connections creates a delicate dance where you may feel like you are tiptoeing between two worlds, cautiously assessing your next steps while trying not to lose either."
6,client,15,"Some colleagues actually encourage taking breaks without smoking, which helps. But there are others who push for smoke breaks. It's mixed, but having supportive coworkers makes me hopeful about managing the balance."
6,counsellor,16,"Having supportive colleagues gives you confidence about finding that balance between social connection and health priorities. It's almost like being at a crossroads, where making new choices about who you take breaks with is shaping your future paths. Some colleagues push for smoke breaks, yet having ones who support breaks without smoking is giving you hope and options to look ahead towards healthier choices."
6,client,17,"Yes, I'm grateful for the supportive ones. It makes it easier to consider healthier options and work towards making positive changes, even if it's one step at a time."
6,counsellor,18,"What do you envision as your first step in moving towards a healthier balance? You're focusing on one step at a time, supported by those who encourage healthier options."
6,client,19,I think I'll start by taking one or two breaks a day without smoking. I'll try some deep breathing or walking during those times. It feels like a manageable first step.
6,counsellor,20,"It's encouraging to see your commitment to starting with a step that feels manageable, like taking breaks without smoking. Your thoughtful approach in considering healthier options demonstrates your willingness to explore change at your own pace. What do you think might support you in maintaining these smoke-free breaks as you begin?"
6,client,21,"Having a routine for those breaks might help, like a quick five-minute walk. Maybe using a timer to remind myself and having a friend join me for company during those moments could be beneficial too."
6,counsellor,22,"Creating a structured routine, like setting a timer, can act as a reliable anchor when starting new habits, and having a friend could turn these moments into enjoyable mini-adventures throughout your day. You've got a thoughtful plan for making those break times supportive and social without the need to smoke. Is there anything else you want to explore or discuss before we delve into planning those initial steps further?"
6,client,23,"Not at the moment. I feel more focused on this plan now, and I'm hoping it can work for me. The support and ideas we've discussed are really helpful. Thank you!"
6,counsellor,24,"I'm glad to hear that you're feeling more focused on this plan and finding the support and ideas helpful. Remember, every small step is a significant part of your journey towards a healthier balance. If you ever feel the need to revisit your plan or share your experiences, don’t hesitate to reach out. I'm here for you. Thank you for sharing your thoughts today, and take care!"
6,client,25,Thank you for your support and guidance. It's good to know someone is there to help along the way. I'll definitely reach out if I need to revisit anything. Take care!
7,counsellor,0,"Thank you for being open to having this conversation with me today. I'm curious, what has your experience with smoking been like recently?"
7,client,1,"I've been smoking mainly when I'm with my coworkers. It started as a social thing and gradually increased. It's become a part of my routine, I guess."
7,counsellor,2,"I'd like to hear more about how smoking fits into your social interactions with coworkers. What are your thoughts on that? So, in a way, it's become an important part of your routine with them."
7,client,3,"Yes, it's kind of a way to unwind with them. We have smoke breaks, and it feels like a bonding activity. It's relaxing and a chance to chat."
7,counsellor,4,So these smoke breaks not only help you relax but also strengthen your connection with your coworkers. I'm really interested in how that aspect influences your feelings about smoking. What role do these social interactions play in your overall experience with smoking?
7,client,5,"They're a big part of it, honestly. Smoking feels like a chance to connect. It’s hard to imagine those social moments without cigarettes being involved."
7,counsellor,6,"These smoke breaks seem to be like a bridge for you, connecting your social life at work with relaxation and camaraderie. However, that might also make it challenging to imagine a workday without smoking being a part of it."
7,client,7,"Exactly, the social aspect makes quitting feel complicated. I worry about missing out or feeling left out if I stop smoking during those breaks."
7,counsellor,8,"You're worried that quitting might lead to feeling left out and missing out on valuable social time. That connection with your coworkers during breaks is important to you. At the same time, there might also be a part of you that is considering what reducing smoking could bring, even though the current routine makes it difficult to see how these changes would fit in."
7,client,9,"Yes, I'm definitely torn. The social benefits make it hard to change, but those lab results got me thinking about cutting back. It feels confusing, balancing the social part with health concerns."
7,counsellor,10,"The social benefits of smoking are clearly significant for you, though your health concerns have started nudging you towards considering changes."
7,client,11,"Yeah, it's tough to figure out what's best. I want to stay close to my coworkers, but I can't ignore my health either. It's hard to know how to balance that."
7,counsellor,12,"Balancing your connection with coworkers and your health is challenging; however, a part of you wants to prioritize well-being, even amidst the fear of losing those social ties."
7,client,13,"Exactly, that's how I feel. I want to take care of my health but not lose those connections. It's a difficult decision to make."
7,counsellor,14,"Quitting smoking could almost seem like giving up an essential part of your social identity at work, yet you're being pulled towards wanting to protect your health more now. It's challenging when social bonds feel threatened by such a decision, but your awareness of the potential health impacts is becoming increasingly significant."
7,client,15,"Yes, it feels like I'd be giving up a part of my work life, but I can't ignore my health. It's definitely becoming more of a priority for me now, even if it's tough to face."
7,counsellor,16,"You're worried about losing an important part of your work life, yet your health is becoming a bigger priority."
7,client,17,"It's true. My health needs attention, and these lab results are a wake-up call. I just hope I can find a way to manage both aspects without losing those connections."
7,counsellor,18,"The desire to maintain your connections is strong, yet your growing concern for your health is becoming an even stronger motivator to consider changing."
7,client,19,"Yes, I want to find a way to balance both without feeling isolated. It's a difficult transition, but I know my health is important. I’m willing to explore options that could work for me."
7,counsellor,20,"Is there anything else on your mind that you want to discuss before we consider possible ways to balance these needs? If you're open to it, perhaps we could brainstorm some options that might work for maintaining your social connections while addressing your health concerns. What possibilities can you think of that might provide a middle ground?"
7,client,21,"I'd be open to brainstorming. Maybe there are other ways to connect, like coffee breaks or lunch outings. I'm not sure, but I'm willing to explore alternatives that might work while considering my health."
7,counsellor,22,"We've discussed a lot about the importance of social connections at work and your health concerns, and we've explored the idea of finding alternatives that help maintain both aspects. Before we dive into planning more concretely, how about we take some time to explore what specific steps you could take to maintain those social connections in a healthier way?"
7,client,23,"I'm open to that. I'd appreciate suggestions on steps I can take, like initiating coffee breaks or engaging in small group activities. I want to maintain my connections while being mindful of my health. A follow-up session could help me tackle this."
7,counsellor,24,You're open to incorporating healthier options into your social routine and considering coffee breaks or small group activities as alternatives. It sounds like you're determined to maintain meaningful connections at work while staying mindful of your health. How can we explore these potential alternatives in a way that feels most manageable for you as you make this transition?
7,client,25,"Perhaps starting with small steps, like suggesting coffee breaks or proposing different group activities, could be manageable. I can ease into these changes while observing how they affect my social life and health. I'm ready to explore one step at a time."
7,counsellor,26,"Starting with small steps like suggesting coffee breaks or new activities seems like a great approach; it allows for testing out how these alternatives impact your social connections and well-being. By exploring these small steps, you're giving yourself room to gradually adapt, showing how open you are to finding ways to align your social needs with a focus on health."
7,client,27,"Yes, small steps sound manageable and less overwhelming. I can adjust gradually while observing how it influences my social interactions and health. It's a process, but I'm committed to trying one step at a time."
7,counsellor,28,"Would it be okay with you if we explore some concrete plans during our next session to make these adjustments more actionable when you're ready? That way, we can continue to build on the foundation you've started and work together on creating a balanced approach that aligns with both your social life and health goals."
7,client,29,"Yes, I'm open to that. Continuing this discussion and creating a plan in our next session sounds like a good idea. It could help me make these changes more concrete and manageable."
7,counsellor,30,"Our next session can be a space where we dive deeper into concrete steps you feel comfortable taking toward healthier social interactions and maintaining your connections. You've shared your desire to prioritize both your health and social life, while taking small, manageable steps. Recognizing these priorities marks a positive step towards balance, and your openness to explore alternatives like coffee breaks and group activities reflects a thoughtful approach to navigating this change."
7,client,31,Thank you! I'm looking forward to our next session for support and guidance. I'm hopeful about finding balance without losing my connections. Your input helps me see clearer possibilities.
7,counsellor,32,"We'll continue exploring ways for you to balance your social interactions and health goals in our next session, focusing on small, manageable steps that align with your priorities."
7,client,33,Looking forward to it. Thanks for your guidance; I appreciate the support. It'll be good to tackle these changes with the help you provide.
7,counsellor,34,"You've expressed a readiness to prioritize your health while maintaining social connections at work. Your openness to exploring alternatives like coffee breaks and small activities, one step at a time, reflects your commitment to this balance. I'm here to support you, and your thoughtful approach gives hope for positive changes ahead."
7,client,35,"I appreciate your support and understanding. Balancing my health with my social life feels more manageable now, with these alternatives in mind. Thank you for the guidance; I'm feeling more hopeful."
7,counsellor,36,"I'm glad to hear you're feeling more hopeful. We'll continue our work in our next session, focusing on the steps that feel right for you. If any other thoughts or ideas come up before then, feel free to jot them down so we can explore them together. Thank you for being open and willing to engage in this process. Until next time!"
7,client,37,I will do that. Thank you for your support and understanding. I'm looking forward to our next session and exploring more options together. Until next time!
8,counsellor,0,Thank you for agreeing to talk with me today. Can you tell me a bit about your history with smoking and what brings you here today?
8,client,1,"I started smoking to hang out with coworkers. Over time, I smoked more often. Lab results were bad, so my doctor suggested therapy."
8,counsellor,2,Your doctor's concern has you reflecting on your smoking habits.
8,client,3,"Yes, the bad lab results made me wonder if I should cut back, especially since I find smoking relaxing. It's hard to decide."
8,counsellor,4,"You find smoking to be a relaxing break, easing the stresses of your day. While smoking provides you some relief, the concerning lab results are leading you to think about cutting back."
8,client,5,"Exactly, it's tough to balance. Smoking helps me unwind, but the health risks are worrying. I'm unsure about the best approach."
8,counsellor,6,"While you value the relaxation smoking provides, the worry over health risks is becoming more prominent in your thoughts. Not knowing the best way forward creates a dilemma for you. It's understandable to feel unsure about the next steps, especially with mixed feelings. Could you tell me more about any other factors or situations that make smoking feel necessary for you, or moments when you've thought about change?"
8,client,7,"Smoking feels necessary during breaks with colleagues, as it’s part of our routine. However, I’ve considered change when thinking about long-term health. It’s tricky with peer pressure."
8,counsellor,8,"Smoking is woven into your work breaks, creating a sense of camaraderie with colleagues, which makes the thought of change more challenging. Although peer pressure plays a role, there is a part of you that's considering your long-term health more."
8,client,9,"Yes, being part of the group makes quitting hard, but I do worry about my health down the road. It’s a tough balance to figure out."
8,counsellor,10,"Smoking is intertwined with socializing with your colleagues, making quitting feel difficult. You’re clearly thinking about the impact on your health, indicating a strong concern for your future well-being—even if it means overcoming peer pressure and making a change."
8,client,11,"Absolutely, my health is a big concern, even if it means facing challenges. It's tough to navigate, but I know it’s important for my future. I just need some guidance and support."
8,counsellor,12,What are some of the steps you envision taking to address this balance between social connection and health concerns in your life? You are in a position to make meaningful choices about how you approach your health and social connections at work. Your concerns are guiding you toward where you might want to make changes.
8,client,13,"I think slowly cutting back on smoking could help, maybe finding other ways to connect with my colleagues. Also, focusing on healthier habits during breaks might be useful."
8,counsellor,14,"Cutting back gradually and exploring new ways to bond with your colleagues during breaks offers a path towards balancing your social and health goals. You're showing a strong commitment to your health by thinking about healthier habits and potential alternatives for your breaks, which is really commendable. How do you feel about these potential changes and the steps involved?"
8,client,15,"I'm open to trying these changes, but it feels a bit daunting. I worry about missing the social aspect, but I know it's important for my health. I'm hopeful but unsure."
8,counsellor,16,"You're concerned about missing out on the social aspects with your colleagues, yet you're willing to make changes for your health in the long run. Taking that first step towards change shows a lot of courage and a real dedication to what's important to you."
8,client,17,"Thanks, I appreciate hearing that. It's hard to make changes, but I do want to prioritize my health. I hope I can find a balance that works for me."
8,counsellor,18,"You're hopeful about finding a balance that prioritizes your health without completely letting go of the social aspect. And while you're uncertain now, the desire to take care of yourself could inspire solutions you haven't thought of yet."
8,client,19,"Yes, I'm hopeful and open to exploring new solutions. It's a challenging journey, but I'm committed to improving my health while still maintaining those connections."
8,counsellor,20,"What are some ways you're considering maintaining those social connections while focusing on your health? Your commitment to both health and social connections is like walking a tightrope—finding balance requires thought and care, yet your hopefulness and willingness to explore new options could be the steadying pole that helps you cross safely."
8,client,21,I'm considering taking walks with colleagues during breaks or finding activities we can enjoy together that don't involve smoking. I'm open to creative solutions.
8,counsellor,22,"You're considering healthier alternatives like walking or enjoying shared activities that don't involve smoking. Even though smoking is so ingrained in those work breaks, you're open to creative solutions that enhance connections while improving your health."
8,client,23,"Yes, I'm hopeful these changes can work. It's important to keep those connections, and I believe there are ways to do so while focusing on health. I just need to figure it out."
8,counsellor,24,You're hopeful about these changes and believe there are ways to maintain connections while prioritizing health.
8,client,25,"Absolutely, I'm willing to explore and find a balance that maintains friendships and supports my health. It's a challenge, but I think it's worth it."
8,counsellor,26,"You're actively engaging in seeking that balance, striving for harmony in both your social circles and personal health. Noticing your commitment to explore creative solutions shows determination and ownership of your future path. Considering the potential changes you've mentioned, what ways of connecting with colleagues feel most appealing to you?"
8,client,27,"Walking with colleagues during breaks seems appealing, or finding a shared hobby to enjoy together. I think these activities can maintain connections without smoking."
8,counsellor,28,What other shared hobbies or activities do you think might be enjoyable with your colleagues and could keep things as engaging as smoking during breaks? Walking or finding a shared hobby seems like a promising way to strengthen those connections while focusing on healthier choices.
8,client,29,Perhaps trying a coffee break together or a quick group game. Engaging in light conversations or exploring new interests can keep things lively and social without smoking.
8,counsellor,30,Exploring alternatives like coffee breaks or group games with your colleagues offers a chance to stay connected while trying new ways to interact. Embracing new social possibilities shows a willingness to adapt and care for both your health and relationships.
8,client,31,"Exactly, I believe these alternatives can help maintain friendships and offer a healthier approach. I’m optimistic about finding the right balance."
8,counsellor,32,You're optimistic about these changes and believe they will help sustain friendships while providing a healthier approach. What feelings come up for you when thinking about taking these first steps and trying out these new alternatives?
8,client,33,"I'm a bit nervous about breaking old habits, but also excited about the possibility of healthier connections. It's a mix of uncertainty and hopefulness."
8,counsellor,34,"Deciding to break old habits brings both fear and excitement, but those mixed emotions show your readiness and hope for positive change. You're nervous and uncertain about leaving behind something familiar, yet you're driven by a strong desire to create healthier connections."
8,client,35,"Yes, it's a mix of fear and excitement, but I'm determined to move forward and find healthier ways. I know it won't be easy, but I'm ready to take the first steps."
8,counsellor,36,"Thank you for your time today. As we wrap up our conversation, let me summarize what we've talked about. You've been contemplating your smoking habits since receiving concerning lab results, leading you to think about cutting back. While smoking offers relaxation and social connection, your health worries have grown more prominent. You're considering new ways to maintain social connections, like walks or finding shared hobbies, and you've expressed hope in these potential changes, despite feeling nervous about breaking old patterns.

Through it all, you've shown a strong determination to align your habits with your long-term health goals, and you're open to creative solutions that can help maintain connections without smoking. This balance of concerns, hope, and willingness to explore indicates you're in the early stages of welcoming positive change.

Thank you once again for sharing this journey with me, and for your open and honest reflection on your thoughts and feelings."
8,client,37,"Thank you for summarizing everything so well. Your support and understanding mean a lot. I'm glad we had this conversation, and I'm looking forward to trying these new approaches."
9,counsellor,0,Thank you for agreeing to talk with me today. I'm curious to hear more about your smoking. Could you share a bit about your relationship with it?
9,client,1,"I started smoking at work to bond with coworkers, but over time, it became more frequent. I find it relaxing but recently got concerning lab results."
9,counsellor,2,"Smoking has helped you connect with coworkers and find moments of relaxation, yet those concerning lab results have brought up some worries for you. It sounds like part of you is drawn to how smoking makes you feel, while another part is starting to question if it might be time to reconsider things. How do you feel about this internal conflict?"
9,client,3,"It's confusing. I enjoy smoking for the relaxation and social aspect, but the lab results make me wonder if it's becoming a bigger issue. I'm unsure about the right way to approach this."
9,counsellor,4,"On one hand, you're drawn to the relaxation and social connection smoking provides. On the other hand, those lab results make you conscious of the potential health risks that come with it. Feeling unsure about your path forward, considering both your well-being and these social ties, can be quite daunting. You may wonder how you can find balance in managing both sides."
9,client,5,"Exactly, I'm definitely feeling that conflict. Balancing health concerns with the social and relaxing aspects isn't clear to me. Finding balance seems tough, and I'm unsure how to proceed."
9,counsellor,6,"Balancing these aspects is tough for you. Finding a clear direction feels challenging, considering both the immediate comfort and the longer-term health implications."
9,client,7,"Yes, that's right. It's hard to weigh the short-term comfort against long-term health benefits. I don't know what life without smoking would be like, and that makes it tricky."
9,counsellor,8,"You're facing uncertainty about what life might be like if you didn't smoke, which adds to the difficulty of making a decision. Even though short-term comfort and relaxation from smoking are familiar to you, you are aware of potential long-term health benefits if you choose a different path forward. You seem ready to explore what those benefits could mean for your future."
9,client,9,"Yes, exploring the potential benefits does seem important. It's just challenging to imagine life without the familiar comfort of smoking. I'm open to learning more about those benefits and how to possibly achieve them."
9,counsellor,10,"Would you like to explore some potential benefits and possibilities together, and see how they might fit into your life going forward?"
9,client,11,"Sure, I'd be open to exploring the potential benefits and possibilities. It could help me see what changes might look like and help me make an informed decision."
9,counsellor,12,"Quitting smoking can lead to improved lung function, a reduced risk of heart disease, and overall better physical health. These changes might not just help you feel better physically over time, but can also impact your energy levels and even your sense of taste and smell. If you're open to it, we could consider small steps towards integrating other habits to relax and connect with others that don't involve smoking. Would you like to discuss what some of those steps could be?"
9,client,13,"Yes, discussing small steps to integrate other habits for relaxation and socializing sounds good. It might help me see alternatives and plan more effectively."
9,counsellor,14,"Trying out new activities such as walking, meditation, or joining clubs can offer relaxation and social connection, exploring new routines might initially feel different but could lead to finding those benefits you've been curious about creating options for how you enjoy your time. What interests could you see yourself exploring as potential new ways to relax and connect?"
9,client,15,I'm interested in walking or maybe trying some meditation. Joining a club could be an option. Exploring these might help me find new ways to relax and connect with others.
9,counsellor,16,What do you think exploring walking or meditation could bring to your life as replacements for smoking? You've mentioned interest in these activities and joining a club for relaxation and connection.
9,client,17,"Walking and meditation might help reduce stress and offer a break in my day. They could provide a sense of relaxation and clarity, similar to what smoking currently does, while also being healthier options."
9,counsellor,18,"Walking and meditation could both offer healthier ways to relax and find moments of clarity. You see these activities offering similar comfort to what you're currently getting from smoking, adding the benefit of improving your well-being. They might even help you feel more in tune with yourself, enhancing both your physical and mental health."
9,client,19,"Yes, those activities might provide the relaxation I seek while supporting my health. Hopefully, they'd help me feel more in tune with myself, offering both physical and mental benefits. It's worth considering incorporating them into my routine."
9,counsellor,20,"Considering walking and meditation, you feel these activities could help you manage stress while supporting your health. Trying them might help you be more in tune with yourself, offering both physical and mental benefits. What would it look like for you to explore incorporating walking, meditation, or joining a club into your routine?"
9,client,21,Incorporating them could start with short daily walks or meditation exercises. Joining a club might involve looking for local social groups that interest me. Trying these gradually would make the transition smoother and help gauge their impact.
9,counsellor,22,"Starting with small, manageable steps like daily walks or meditation exercises will help ease this change, allowing you to experience their benefits gradually and evaluate their impact on your routine. Who in your life could be supportive as you try these new activities, or are there any specific social groups that come to mind as potential clubs to explore?"
9,client,23,"I might reach out to friends for support in trying these activities, or see if any coworkers are interested. In terms of clubs, perhaps a local hiking or meditation group could be a good fit. Exploring those options could provide additional motivation and make the transition easier."
9,counsellor,24,Involving friends and possibly some coworkers for support and exploring local groups could create a supportive community that makes new routines feel more natural over time.
9,client,25,"Yes, involving friends and coworkers could offer motivation and make it easier. Together, we can share the experience and find support, making the new routines more enjoyable and natural."
9,counsellor,26,"You're seeing the potential benefits of involving friends, coworkers, and local groups, which could provide the motivation and support you need. Your openness and willingness to try new things and reach out to others is a strong step towards positive change. You show great determination to improve your well-being through mindful choices."
9,client,27,Thank you for your support and understanding. Exploring these new options feels more achievable with guidance and potential support from friends and coworkers. I'm grateful for this opportunity to discuss it with you.
9,counsellor,28,"Your willingness to explore new habits and reach out to others for support demonstrates a strong sense of commitment to your well-being, and that's truly commendable."
9,client,29,Thank you for acknowledging that. I'm hopeful that these changes could lead to a healthier and more balanced life. I appreciate your help in guiding me through this process.
9,counsellor,30,"You're unsure about life without smoking and you're worried about stepping into the unknown, but you're hopeful and see how these changes could lead to a healthier and more balanced life. Seeing your readiness to identify steps forward and reach out for support in this journey is truly impressive."
9,client,31,"Thank you for your kind words. I'm grateful for your support and guidance, and I'm committed to exploring these new possibilities step by step. It feels helpful knowing I have someone to talk to about this journey."
9,counsellor,32,"Your commitment and openness towards exploring new possibilities is truly inspiring, showing a strong determination to create positive changes in your life. Before we wrap up, is there anything else you'd like to discuss about incorporating these new activities or any concerns that come to mind? We can take a few minutes to ensure you're leaving feeling supported and ready for the next steps."
9,client,33,I appreciate this space to talk. My biggest concern is staying motivated and not giving up if things get tough. Any tips for maintaining motivation would be helpful as I start this journey. Thank you for the support.
9,counsellor,34,"Thank you for taking the time to talk with me today. Our conversation has been packed with valuable insights, and I want to make sure we leave with a clear sense of what we've covered. You've shared your experience of smoking, how it started, and the role it plays in your life as a source of relaxation and social connection. We explored the health concerns that recent lab results have raised for you, and discussed new possibilities, like walking, meditation, and joining groups, to find relaxation and connection without smoking. You also considered involving friends or coworkers for support and reaching out to local clubs.

Your readiness and commitment to exploring these new habits, step by step, shows your determination to pursue a healthier and balanced life. Lastly, you mentioned your concern about maintaining motivation, and we'll certainly explore strategies to support you in staying on track when things get challenging. Thank you for being open and engaged in our journey today. If you have any future questions or thoughts, feel free to reach out."
9,client,35,"Thank you for your support and understanding. This conversation has been really helpful, and I'm grateful for the insights. I'd be interested in exploring strategies to stay motivated and would value any advice on that. I look forward to our next session to continue this journey together."
10,counsellor,0,"Thank you for agreeing to talk with me today. I'm curious, what role does smoking play in your life right now?"
10,client,1,"Thanks for having me. Right now, smoking is a way to relax and bond with colleagues. It's kind of become a routine."
10,counsellor,2,"Smoking helps you unwind and enjoy social time with your colleagues. So, it’s become a part of your day-to-day routine, but maybe there are times where you wonder if there’s a different way to relax and connect."
10,client,3,"Yeah, I've thought about that. I just don't know how else to relax or bond with them without lighting up. It’s tricky."
10,counsellor,4,"Finding a way to relax and connect with others without smoking feels uncertain for you right now. You enjoy those moments with your colleagues, but you're wondering if there could be different ways to achieve the same connection and relaxation."
10,client,5,"That’s true. I just haven't figured out what those alternatives might be yet, or if they would give me the same level of relaxation."
10,counsellor,6,"You haven't yet discovered strategies to match the relaxation and social bonding that smoking offers, leaving you in a place of exploring what else might work. It's a bit like searching for the right key to open the door to relaxation and connection in a new way. What do you think might help you start to explore some of these alternatives?"
10,client,7,"I think talking about different options could be helpful, maybe trying some relaxation techniques. But I worry about sticking with them if they're not as effective."
10,counsellor,8,It makes sense to be concerned about how effective other methods might be compared to smoking. Exploring options like deep breathing exercises or mindfulness could offer new ways to find that relaxation you're seeking. What are your thoughts on trying one or two new techniques and seeing how they feel for you?
10,client,9,"I'm open to learning about them. I could give a couple of techniques a shot, but I'm not sure if they'd work as well as smoking. It's worth a try, though."
10,counsellor,10,Exploring relaxation techniques and practices is something many people have found helpful in breaking free from smoking's grip. You might find these alternatives surprisingly effective in ways you hadn't imagined yet. What ideas do you have about where to begin with this exploration?
10,client,11,I suppose I can look into some breathing exercises or maybe mindfulness first. Those seem manageable to try out without too much pressure. I'll see how they go.
10,counsellor,12,"Exploring breathing exercises or mindfulness first gives you a chance to start this change in a way that feels manageable and less overwhelming, allowing you some time to adjust while still keeping the door open to the relaxation you seek. You’re willing to attempt finding alternatives to smoking, and that curiosity may serve you well as you experiment with these new options."
10,client,13,That sounds like a good plan. I guess starting small is less intimidating and might lead to something positive. I'll give these techniques a try and see where it takes me.
10,counsellor,14,It's great to see you being open to trying something new and taking steps towards positive change for yourself. Your willingness to explore alternatives is a strong foundation for progress.
10,client,15,"Thank you, I appreciate that. I'm still unsure, but I'm willing to see where this leads and try to make some positive changes."
10,counsellor,16,"Your willingness to try new methods shows you're open to exploring possibilities, inching towards a path where change can happen on your terms."
10,client,17,"I hope so. It's just about finding what's right for me. I'm willing to explore, even if I'm not completely sure about it yet."
10,counsellor,18,"Leaving behind something familiar can feel daunting, yet trying new methods could offer rewarding pathways towards what suits you best. You're uncertain but eager to discover strategies that align with your needs."
10,client,19,"That's true. It's a bit scary to leave the familiar, but I'm curious about what else could work for me. I'm open to discovering better ways."
10,counsellor,20,"Exploring alternatives to smoking might feel a bit scary because it's unfamiliar territory, but there's a part of you that's eager to see what other strategies might help you relax and connect with others. While it's understandable to be cautious about this shift, your curiosity about discovering better ways shows a lot of promise. Is there anything else you'd like to discuss as we continue this exploration together?"
10,client,21,"No, I think we've covered a lot for now. I'm interested in exploring these techniques and seeing how they go. Thank you for your guidance."
10,counsellor,22,"Thank you for sharing with me today. Let me summarize what we've discussed. You mentioned that smoking has been a way for you to relax and bond with colleagues, making it a significant part of your daily routine. At the same time, you’re open to the idea of exploring other ways to achieve comfort and connection without lighting up. We've talked about trying out breathing exercises or mindfulness as potential options to discover what else might work for you. You're interested in starting small and exploring these new techniques to see where they might lead. You've taken a significant step by expressing your curiosity and readiness to try things differently. Feel free to reach out if you need more support as you explore.

Would you like to continue the conversation?"
